day,daytime_demand,critical_demand
1,1152.41,1341.52
2,1250.43,1467.57
3,1146.22,1441.70
4,1307.75,1456.89
5,1334.30,1355.72
6,1002.48,1434.23
7,941.28,1374.05
8,1218.23,1377.13
9,1219.94,1425.33
10,1246.45,1443.84
11,1267.20,1410.22
12,1326.88,1368.60
13,1016.15,1358.71
14,954.87,1472.22
15,1209.65,1429.70
16,1199.16,1435.99
17,1235.77,1509.17
18,1256.90,1359.21
19,1288.17,1527.97
20,937.53,1557.55
21,931.36,1480.92
22,1239.40,1441.36
23,1222.06,1366.81
24,1251.08,1449.72
25,1262.51,1377.87
26,1405.48,1398.92
27,977.21,1385.48
28,1040.89,1414.19
29,1126.20,1464.40
30,1246.50,1372.22
